Model	Jan	Feb	Mar	Apr	May	Jun	Jul	Aug	Sep	Oct	Nov	Dec
Acura ILX	935	1,083	723	506	1,039	1,109	1,230	1,331	1,377	1,523	1,141	1,417
Acura MDX	2,961	3,843	2,137	1,725	3,331	3,977	4,494	5,165	4,920	4,732	4,491	6,040
Acura NSX	9	9	16	5	6	10	15	3	10	22	9	14
Acura RDX	3,493	4,982	2,678	1,760	4,427	5,410	5,317	5,057	4,664	5,022	4,155	5,820
Acura RLX	63	84	31	26	71	126	134	118	122	126	81	72
Acura TLX	1,769	2,263	1,452	1,024	1,467	1,439	1,886	1,973	1,848	2,365	2,014	2,285
Alfa Romeo 4C	10	13	8	7	16	17	7	7	7	2	2	3
Alfa Romeo Giulia	571	740	448	305	677	711	769	683	740	864	709	987
Alfa Romeo Stelvio	621	804	487	360	801	841	997	886	960	1,189	977	1,359
Audi A3	727	941	570	342	761	799	896	796	863	1,094	899	1,250
Audi A4	1,283	1,661	1,006	795	1,766	1,854	2,089	1,857	2,012	1,356	1,114	1,549
Audi A5	1,728	2,237	1,355	898	1,996	2,096	1,304	1,159	1,255	1,619	1,330	1,850
Audi A6	809	1,048	635	374	830	872	1,216	1,081	1,171	843	693	964
Audi A7	211	273	165	107	238	250	263	233	253	292	240	334
Audi A8	180	233	141	83	185	194	230	204	222	237	195	271
Audi eTron	556	719	436	209	464	488	805	716	775	686	564	784
Audi Q3	1,805	2,336	1,415	794	1,764	1,853	2,571	2,286	2,476	3,357	2,758	3,837
Audi Q5	3,235	4,188	2,537	1,453	3,229	3,390	3,976	3,534	3,829	7,106	5,837	8,121
Audi Q7	2,024	2,621	1,587	795	1,767	1,856	2,151	1,912	2,071	2,897	2,380	3,311
Audi Q8	791	1,024	620	357	794	834	1,142	1,015	1,100	1,483	1,218	1,694
Audi R8	32	41	25	18	41	43	69	61	66	63	52	72
Audi TT	57	74	45	45	100	105	83	74	80	57	47	65
BMW 2-Series	576	745	451	685	1,522	1,598	1,467	1,299	16	1,636	1,344	1,870
BMW 3-Series	3,447	4,463	2,703	1,388	3,085	3,239	3,638	3,222	1,383	4,292	3,525	4,905
BMW 4-Series	714	924	560	317	704	739	587	520	3,430	1,303	1,070	1,489
BMW 5-Series	1,752	2,269	1,374	889	1,976	2,075	1,877	1,663	553	3,740	3,072	4,275
BMW 6-Series	17	22	13	12	26	28	9	8	1,770	19	15	21
BMW 7-Series	547	709	429	209	465	488	479	424	9	751	617	858
BMW 8-Series	550	712	431	314	699	734	742	657	699	734	603	839
BMW i3	21	27	16	34	75	79	216	191	203	216	177	247
BMW i8	21	28	17	9	20	21	17	15	16	9	8	11
BMW X1	1,342	1,738	1,053	415	923	969	1,275	1,129	1,202	1,458	1,198	1,666
BMW X2	742	961	582	318	707	743	613	543	578	533	438	610
BMW X3	3,447	4,463	2,703	1,703	3,784	3,973	5,714	5,061	5,388	7,942	6,523	9,076
BMW X4	581	752	455	247	549	577	567	502	535	977	803	1,117
BMW X5	3,455	4,473	2,709	1,533	3,407	3,577	4,491	3,977	4,234	6,294	5,170	7,193
BMW X6	406	526	319	216	480	504	698	618	658	967	794	1,105
BMW X7	4,188	1,927	1,167	733	1,628	1,710	1,709	1,513	1,611	2,376	1,952	2,716
BMW Z4	203	263	159	149	332	349	252	223	238	66	54	76
Buick Cascada	2	3	2	1	2	2	-	-	-	-	-	-
Buick Enclave	2,843	3,680	2,229	1,342	2,981	3,130	3,484	3,097	3,355	4,162	3,419	4,757
Buick Encore	5,469	7,081	4,289	1,806	4,013	4,214	3,907	3,473	3,763	2,138	1,756	2,444
Buick Encore GX	-	-	-	1,666	3,702	3,888	5,617	4,993	5,409	5,723	4,701	6,541
Buick Envision	2,252	2,915	1,766	1,419	3,152	3,310	4,087	3,633	3,935	2,859	2,348	3,267
Buick LaCrosse	45	58	35	13	28	30	2	2	2	5	4	5
Buick Regal	390	505	306	148	329	345	141	135	135	20	16	23
Cadillac ATS	15	20	12	8	18	19	6	5	6	2	2	2
Cadillac CT4	13	17	10	106	236	248	539	479	519	918	754	1,049
Cadillac CT5	974	1,262	764	464	1,030	1,082	1,403	1,247	1,351	1,732	1,423	1,980
Cadillac CT6	560	725	439	149	330	347	148	132	142	49	40	56
Cadillac CTS	52	67	41	30	67	71	52	46	50	46	37	52
Cadillac Escalade	1,825	2,363	1,431	888	1,974	2,073	1,591	1,414	1,532	3,189	2,620	3,645
Cadillac XT4	1,677	2,171	1,315	716	1,591	1,671	2,225	1,978	2,142	2,357	1,936	2,694
Cadillac XT5	2,931	3,794	2,298	1,041	2,313	2,429	3,320	2,951	3,197	3,694	3,034	4,222
Cadillac XT6	1,648	2,134	1,292	744	1,652	1,735	2,191	1,948	2,110	2,414	1,983	2,759
Cadillac XTS	154	199	120	48	106	111	85	75	82	74	61	85
Chevrolet Blazer	7,192	9,312	5,640	3,551	7,890	8,285	10,339	9,190	9,956	7,841	6,441	8,961
Chevrolet Bolt	1,908	2,470	1,496	449	998	1,048	1,992	1,771	1,919	2,261	1,857	2,584
Chevrolet Camaro	2,334	3,021	1,830	1,202	2,670	2,804	2,934	2,608	2,825	2,547	2,092	2,910
Chevrolet Colorado	6,960	9,011	5,458	3,572	7,937	8,334	9,557	8,495	9,203	9,348	7,678	10,683
Chevrolet Corvette	1,241	1,606	973	443	984	1,033	2,228	1,981	2,146	3,033	2,492	3,467
Chevrolet Cruze	132	170	103	50	111	116	25	22	24	10	8	12
Chevrolet Equinox	23,858	30,887	18,708	9,144	20,319	21,335	23,660	21,031	22,784	26,741	21,966	30,561
Chevrolet Express	4,323	5,596	3,390	1,621	3,602	3,783	5,184	4,608	4,992	6,052	4,972	6,917
Chevrolet Impala	1,613	2,088	1,265	366	813	854	672	597	647	347	285	396
Chevrolet Malibu	11,460	14,837	8,987	2,279	5,064	5,318	8,926	7,934	8,595	9,868	8,106	11,278
Chevrolet Silverado	46,673	60,425	36,600	22,038	48,973	51,421	51,715	45,969	49,800	60,535	49,725	69,183
Chevrolet Sonic	1,410	1,825	1,106	380	844	887	1,524	1,355	1,468	745	612	851
Chevrolet Spark	3,038	3,933	2,382	956	2,124	2,231	2,936	2,610	2,827	3,523	2,894	4,026
Chevrolet Suburban	3,084	-	2,418	1,263	2,806	2,947	2,647	2,353	2,549	4,580	3,762	5,235
Chevrolet Tahoe	6,627	8,579	5,197	2,883	6,406	6,727	8,107	7,207	7,807	9,681	7,952	11,064
Chevrolet TrailBlazer	1	1	1	1,206	2,680	2,814	3,619	3,217	3,485	5,825	4,785	6,658
Chevrolet Traverse	9,775	12,655	7,665	4,017	8,926	9,372	11,082	9,850	10,671	14,011	11,509	16,013
Chevrolet Trax	9,173	11,876	7,193	4,044	8,986	9,436	10,339	9,190	9,956	8,807	7,234	10,065
Chevrolet Volt	7	10	6	7	16	16	2	2	2	-	-	-
Chrysler 200	1	1	1	-	-	-	1	1	1	1	1	1
Chrysler 300	1,818	2,353	1,245	502	1,115	1,171	1,112	988	1,070	1,720	1,413	1,966
Chrysler Pacifica	7,966	10,313	6,247	1,992	4,428	4,649	10,062	8,944	-	9,956	8,178	11,378
Chrysler Town and Country	-	-	-	-	-	-	-	-	9,690	-	-	-
Dodge Challenger	3,942	5,104	3,092	1,778	3,952	4,150	5,727	5,090	5,515	4,927	4,047	5,631
Dodge Charger	6,050	7,833	4,745	2,062	4,582	4,812	8,257	7,339	7,951	8,027	6,594	9,174
Dodge Dart	1	1	1	-	1	1	-	-	-	-	-	-
Dodge Durango	5,783	7,487	4,535	2,105	4,678	4,911	5,595	4,974	5,388	4,174	3,428	4,770
Dodge Grand Caravan	8,098	10,483	6,350	952	2,116	2,222	2,080	1,849	2,003	881	724	1,007
Dodge Journey	4,921	6,371	3,859	978	2,174	2,282	3,564	3,168	3,432	3,236	2,658	3,698
Dodge Viper	-	-	-	-	-	-	1	1	1	1	1	1
Fiat 124 Spider	126	163	99	105	232	244	146	130	140	110	90	126
Fiat 500	106	138	83	43	96	100	34	30	32	4	3	5
Fiat 500L	42	55	33	22	50	52	48	43	47	28	23	32
Fiat 500X	92	119	72	71	158	166	158	141	153	106	87	121
Ford Bronco Sport	-	-	-	-	-	-	-	-	-	-	22	5,098
Ford E-Series	3,280	4,246	2,572	1,044	2,321	2,437	3,256	2,894	3,136	4,469	3,412	3,934
Ford EcoSport	4,197	5,434	3,291	3,102	6,893	7,237	5,977	5,313	5,755	4,210	4,318	4,817
Ford Edge	9,614	12,446	7,539	3,789	8,421	8,842	9,191	8,170	8,850	10,387	9,096	12,541
Ford Escape	15,628	20,233	12,255	6,602	14,672	15,406	16,465	14,636	15,855	15,959	13,411	17,373
Ford Expedition	6,428	8,322	5,041	2,260	5,022	5,273	6,803	6,047	6,551	9,014	7,025	10,052
Ford Explorer	18,289	23,678	14,342	8,071	17,936	18,832	20,709	18,408	19,942	21,079	18,848	26,081
Ford F-Series	60,595	78,449	47,517	32,549	72,330	75,947	77,720	69,085	74,842	71,593	52,698	74,047
Ford Fiesta	884	1,145	694	78	174	182	47	42	46	11	51	-
Ford Flex	801	1,037	628	303	674	708	189	168	182	41	118	-
Ford Fusion	11,997	15,532	9,408	4,407	9,794	10,283	10,254	9,115	9,874	6,526	5,902	7,573
Ford GT	26	33	20	3	7	8	-	-	-	14	4	10
Ford Mustang	5,869	7,598	4,602	2,829	6,287	6,601	4,857	4,317	4,677	4,399	4,119	4,935
Ford Mustang Mach E	-	-	-	-	-	-	-	-	-	-	-	3
Ford Ranger	6,814	8,822	5,344	4,501	10,003	10,503	9,941	8,836	9,573	8,779	8,495	9,874
Ford Transit	11,964	15,490	9,382	3,230	7,178	7,536	13,637	12,122	13,132	12,403	9,917	15,566
Ford Transit Connect	2,457	3,181	1,927	1,217	2,704	2,839	3,828	3,402	3,686	2,886	2,993	3,476
Genesis G70	716	841	517	551	870	897	883	950	899	826	683	803
Genesis G80	456	457	284	161	319	324	242	226	133	89	55	613
Genesis G90	227	289	168	94	161	208	132	184	96	139	139	235
Genesis GV80	-	-	-	-	-	-	-	-	-	-	58	1,459
GMC Acadia	5,744	7,437	4,505	2,744	6,097	6,402	6,393	5,682	6,156	7,212	5,924	8,242
GMC Canyon	1,456	1,885	1,142	941	2,090	2,195	2,270	2,018	2,186	3,039	2,496	3,473
GMC Savana	1,358	1,759	1,065	537	1,194	1,253	1,698	1,510	1,635	1,045	859	1,195
GMC Sierra	17,217	22,290	13,501	9,688	21,530	22,606	23,778	21,136	22,898	26,438	21,717	30,215
GMC Terrain	8,215	10,635	6,442	2,509	5,576	5,854	7,473	6,643	7,197	8,594	7,060	9,822
GMC Yukon	4,569	5,915	3,583	1,898	4,217	4,428	4,935	4,386	4,752	8,352	6,861	9,546
Honda Accord	15,099	18,216	13,810	8,851	17,369	15,409	17,221	19,167	20,149	19,185	15,473	19,509
Honda Civic	20,054	25,617	18,273	13,410	27,244	23,260	25,188	25,524	22,371	21,865	17,372	21,047
Honda Clarity FCV	475	559	221	90	248	187	213	251	354	719	347	-
Honda CR-V	26,027	28,268	16,891	12,201	29,023	26,488	20,473	34,391	33,572	32,415	25,633	38,120
Honda CR-Z	-	1	-	-	-	-	-	-	-	-	-	551
Honda Fit	2,534	2,853	1,792	1,187	2,598	2,923	3,571	3,814	3,116	3,082	2,313	2,705
Honda HR-V	7,457	8,114	3,843	2,906	7,063	7,512	8,402	8,942	7,560	7,421	6,379	8,428
Honda Insight	1,433	1,613	857	511	1,127	1,423	1,922	1,886	1,472	1,375	1,080	1,233
Honda Odyssey	5,622	6,494	4,274	3,933	7,648	7,946	7,286	8,644	7,844	8,001	7,016	8,701
Honda Passport	2,846	3,109	1,878	1,594	3,536	3,060	3,291	4,070	4,281	4,102	3,456	4,344
Honda Pilot	7,765	9,688	6,445	6,562	12,227	12,128	12,036	12,508	10,643	11,631	9,126	13,054
Honda Ridgeline	3,083	3,210	1,832	1,460	2,553	2,367	2,771	3,081	2,755	3,401	2,528	3,127
Hyundai Accent	1,565	2,046	1,196	736	1,512	1,239	1,538	1,135	1,348	1,129	972	1,559
Hyundai Elantra	7,874	10,441	7,430	7,536	7,608	7,561	9,283	9,135	8,235	11,428	8,095	10,849
Hyundai Ioniq	1,278	1,481	763	422	626	868	1,826	879	1,096	1,202	1,090	2,039
Hyundai Kona	4,208	7,092	3,874	3,114	6,536	5,943	7,077	7,998	6,971	6,540	8,551	8,349
Hyundai Nexo	16	28	7	3	10	12	16	25	21	37	20	13
Hyundai Palisade	5,432	6,967	3,934	3,331	7,866	8,169	8,404	7,983	7,741	7,519	6,436	8,123
Hyundai Santa Fe	7,148	7,152	6,358	5,602	9,549	8,376	9,296	9,129	8,566	9,072	8,765	12,500
Hyundai Sonata	5,501	6,144	3,957	3,428	5,852	5,407	6,834	7,965	8,038	7,570	8,242	8,059
Hyundai Tuscon	8,068	9,594	6,073	8,438	15,552	10,216	10,922	11,632	10,644	10,898	9,739	11,881
Hyundai Veloster	665	842	575	541	858	-	861	836	601	443	296	267
Hyundai Venue	989	1,226	951	817	1,650	-	1,620	1,644	1,529	1,557	2,965	2,639
Infiniti Q50	1,811	2,344	1,420	656	1,457	1,530	1,356	1,206	1,306	1,163	955	1,329
Infiniti Q60	301	390	236	139	308	323	207	184	199	171	140	195
Infiniti Q70	37	48	29	3	6	6	2	2	2	1	1	2
Infiniti QX30	36	47	29	4	8	9	5	4	4	1	1	1
Infiniti QX50	1,354	1,753	1,062	882	1,960	2,058	1,929	1,714	1,857	2,131	1,750	2,435
Infiniti QX60	2,943	3,810	2,308	560	1,244	1,306	1,870	1,663	1,801	1,813	1,489	2,072
Infiniti QX80	1,818	2,354	1,426	655	1,455	1,528	721	641	695	1,630	1,339	1,863
Jaguar E-Pace	443	393	410	117	260	273	316	281	304	-	-	-
Jaguar F-Pace	1,418	1,261	1,313	342	760	798	701	623	675	-	-	-
Jaguar F-Type	181	161	168	52	116	122	140	125	135	-	-	-
Jaguar I-Pace	158	141	147	108	240	252	175	156	169	-	-	-
Jaguar XE	187	166	173	65	144	151	140	125	135	-	-	-
Jaguar XF	67	60	62	29	64	67	70	62	68	-	-	-
Jaguar XJ	127	113	117	65	144	151	105	94	101	-	-	-
Jeep Cherokee	10,938	14,160	8,577	4,187	9,305	9,770	14,370	12,773	13,838	12,798	10,512	14,626
Jeep Compass	9,686	12,539	7,595	3,312	7,360	7,728	10,375	9,222	9,991	10,174	8,358	11,628
Jeep Gladiator	4,956	6,416	3,886	3,522	7,827	8,219	7,771	6,908	7,484	6,933	5,695	7,924
Jeep Grand Cherokee	16,267	21,060	12,756	8,339	18,530	19,457	19,793	17,594	19,060	19,205	15,776	21,949
Jeep Renegade	4,600	5,956	3,608	2,285	5,078	5,332	6,649	5,910	6,402	5,744	4,718	6,565
Jeep Wrangler	12,884	16,680	10,103	10,163	22,585	23,714	18,960	16,853	18,258	17,242	14,163	19,705
Kia Cadenza	197	192	96	50	70	65	100	53	99	115	99	129
Kia Forte	6,248	8,513	7,598	4,222	6,603	6,260	7,410	8,414	7,643	8,107	6,860	7,119
Kia K5	-	-	-	-	-	-	1,268	3,631	5,763	7,528	7,437	6,029
Kia K900	26	23	16	12	25	23	25	34	25	41	22	33
Kia Niro	1,570	1,951	1,454	774	1,318	1,185	1,307	1,991	1,682	1,524	1,144	1,534
Kia Optima	6,177	5,760	8,408	6,894	5,854	5,732	4,949	3,307	1,020	255	104	24
Kia Rio	1,628	3,082	2,135	1,436	1,760	1,706	2,056	2,097	2,143	2,104	1,728	2,052
Kia Sedona	1,012	1,416	1,180	705	1,482	1,219	1,036	1,036	1,045	1,029	797	1,233
Kia Seltos	94	2,798	2,160	1,839	3,551	3,636	4,504	5,314	5,613	5,542	5,122	6,107
Kia Sorento	5,470	6,875	5,710	4,286	7,262	8,193	8,008	7,809	6,879	5,832	2,938	5,415
Kia Soul	5,530	5,816	5,367	3,565	6,234	7,439	7,622	6,968	6,700	6,318	4,767	5,446
Kia Sportage	6,741	7,934	5,382	3,964	7,576	8,021	7,945	7,672	7,165	6,989	7,039	7,915
Kia Stinger	743	1,063	754	871	1,393	1,527	1,427	1,101	913	1,013	847	904
Kia Telluride	4,919	6,754	5,153	3,087	2,599	2,864	4,822	7,588	8,829	9,687	8,993	9,824
Land Rover Defender	-	-	-	108	240	252	456	405	439	-	-	-
Land Rover Discovery / LR4	821	730	760	234	520	546	421	374	405	-	-	-
Land Rover Discovery Sport	874	777	809	252	560	588	701	623	675	-	-	-
Land Rover Range Rover	1,486	1,321	1,376	504	1,120	1,176	1,052	935	1,013	-	-	-
Land Rover Range Rover Evoque	1,389	1,235	1,287	378	840	882	666	592	642	-	-	-
Land Rover Range Rover Sport	1,938	1,722	1,794	684	1,520	1,596	1,332	1,184	1,283	-	-	-
Land Rover Range Rover Velar	1,285	1,142	1,190	450	1,000	1,050	947	842	912	-	-	-
Lexus ES	3,037	3,356	2,854	1,397	3,105	3,260	3,868	4,366	4,541	4,117	4,290	5,101
Lexus GS	227	224	173	122	272	285	269	330	262	200	111	85
Lexus GX	1,804	1,968	1,350	1,115	2,478	2,601	2,167	2,706	2,388	2,828	2,975	4,139
Lexus IS	741	1,058	913	428	952	1,000	886	1,212	1,531	1,362	1,228	2,289
Lexus LC	98	86	56	-	70	74	89	107	131	164	188	230
Lexus LFA	-	2	-	-	-	-	-	-	1	-	-	-
Lexus LS	378	261	162	145	250	263	255	299	303	471	339	524
Lexus LX	340	291	215	174	387	407	317	422	323	408	407	821
Lexus NX	3,826	4,308	3,175	2,055	4,566	4,795	4,726	4,784	3,694	5,470	6,129	8,256
Lexus RC	289	299	169	140	312	328	341	372	389	406	347	416
Lexus RX	7,377	7,936	5,534	2,874	6,386	6,706	8,800	10,972	9,666	9,738	10,556	14,514
Lexus UX	1,504	1,350	984	632	1,404	1,475	1,722	1,521	1,525	1,527	1,470	1,848
Lincoln Aviator	1,840	2,383	1,443	723	1,606	1,687	2,145	1,907	2,066	2,184	1,942	3,154
Lincoln Continental	508	657	398	182	405	425	455	404	438	501	378	505
Lincoln MKC	1,842	2,384	1,444	983	2,185	2,294	2,470	2,196	2,378	3,053	2,242	2,755
Lincoln MKT	35	46	28	4	8	8	8	7	8	12	6	159
Lincoln MKX/Nautilus	1,704	2,206	1,336	906	2,014	2,115	2,024	1,799	1,949	2,123	1,874	2,693
Lincoln MKZ	1,131	1,464	887	537	1,194	1,254	1,285	1,143	1,238	791	583	1,011
Lincoln Navigator	1,243	1,609	974	495	1,100	1,155	1,275	1,133	1,227	1,386	1,362	2,294
Mazda 2	-	-	-	-	-	-	-	-	-	-	-	3,256
Mazda 3	2,496	3,759	1,863	1,492	3,368	3,250	3,231	3,175	2,535	2,570	2,613	-
Mazda 6	1,755	1,730	1,021	746	1,477	1,356	1,199	1,230	1,451	1,356	1,196	1,687
Mazda CX-3	1,146	947	459	363	842	1,000	959	860	436	473	413	437
Mazda CX-30	2,368	3,754	2,242	1,483	3,583	3,526	3,787	3,862	3,188	3,214	2,649	4,408
Mazda CX-5	12,908	14,462	7,841	5,220	12,140	12,501	11,878	13,745	13,582	11,890	12,299	17,954
Mazda CX-9	2,552	2,926	1,741	1,084	2,421	2,727	2,335	2,443	2,183	2,382	1,972	2,872
Mazda MX-5 Miata	396	807	497	552	1,102	966	696	774	862	851	610	694
Mercedes-Benz A-Class	1,201	1,555	942	739	1,642	1,724	1,378	1,225	1,327	-	-	-
Mercedes-Benz AMG GT	314	407	246	153	153	356	263	234	253	-	-	-
Mercedes-Benz C-Class	2,227	2,883	1,746	-	2,610	2,741	2,530	2,249	2,436	-	-	-
Mercedes-Benz CLA-Class	1,065	1,379	835	1,175	1,172	1,231	789	701	760	-	-	-
Mercedes-Benz E / CLS-Class	2,293	2,969	1,798	1,234	2,743	2,880	2,271	2,018	2,187	-	-	-
Mercedes-Benz G-Class	529	685	415	313	696	731	630	560	606	-	-	-
Mercedes-Benz GL/GLS-Class	2,073	2,683	1,625	945	2,101	2,206	1,857	1,650	1,788	-	-	-
Mercedes-Benz GLA-Class	1,614	2,089	1,266	509	1,131	1,188	3,055	2,715	2,942	-	-	-
Mercedes-Benz GLB	1,566	2,027	1,228	1,206	2,680	2,814	2,521	2,241	2,428	-	-	-
Mercedes-Benz GLC/GLK-Class	4,254	5,508	3,336	1,703	3,784	3,974	4,007	3,562	3,859	-	-	-
Mercedes-Benz GLE-Class	3,833	4,963	3,006	1,710	3,800	3,990	3,807	3,384	3,666	-	-	-
Mercedes-Benz Metris	732	948	574	630	1,400	1,470	1,753	1,558	1,688	-	-	-
Mercedes-Benz S-Class	768	995	603	327	727	763	858	763	826	-	-	-
Mercedes-Benz SL-Class	130	169	102	71	158	165	195	173	187	-	-	-
Mercedes-Benz SLC-Class	136	176	107	90	200	210	255	227	246	-	-	-
Mercedes-Benz Sprinter	1,710	2,214	1,341	1,307	2,904	3,049	3,506	3,117	3,377	-	-	-
Mini Cooper	1,157	1,498	907	656	1,457	1,530	2,119	1,877	1,998	1,850	1,520	2,115
Mini Countryman	544	704	426	296	658	691	1,054	933	993	1,034	849	1,181
Mitsubishi Eclipse Cross	2,118	2,036	1,030	413	367	382	852	757	820	521	428	595
Mitsubishi Mirage	1,511	1,852	1,283	1,352	1,202	1,252	2,047	1,820	1,972	1,634	1,342	1,868
Mitsubishi Outlander	3,891	5,291	3,627	972	864	900	2,778	2,470	2,675	1,236	1,016	1,413
Mitsubishi Outlander PHEV	95	151	101	101	90	94	332	295	320	130	107	148
Mitsubishi Outlander Sport	3,011	6,213	3,353	1,495	1,329	1,384	2,707	2,406	2,606	1,461	1,200	1,670
Nissan 370Z	182	236	143	135	300	315	178	159	172	46	37	52
Nissan Altima	15,378	19,909	12,059	3,906	8,681	9,115	9,830	8,738	9,466	13,800	11,335	15,771
Nissan Armada	2,607	3,375	2,044	923	2,051	2,153	1,531	1,361	1,474	715	587	817
Nissan Frontier	3,339	4,323	2,618	1,583	3,518	3,693	2,529	2,248	20,407	3,562	2,926	4,071
Nissan GT-R	19	24	15	13	28	29	40	35	38	21	17	24
Nissan Kicks	4,537	5,874	3,558	1,655	3,677	3,861	6,830	6,071	6,577	5,471	4,494	6,253
Nissan Leaf	636	823	499	189	420	441	672	597	647	1,566	1,280	1,789
Nissan Maxima	1,982	2,566	1,554	717	1,673	1,673	1,392	1,237	1,340	1,352	1,110	1,545
Nissan Murano	5,094	6,595	3,994	2,573	5,717	6,003	5,219	4,639	5,026	4,519	3,712	5,165
Nissan NV	1,211	1,568	950	520	1,155	1,213	1,318	1,172	1,270	1,643	1,350	1,878
Nissan NV200	1,540	1,993	1,207	583	1,295	1,360	1,674	1,488	1,612	1,476	1,212	1,686
Nissan Pathfinder	5,876	7,608	4,608	1,595	3,544	3,722	3,707	3,295	3,570	3,729	3,063	4,262
Nissan Quest	-	-	-	-	-	-	-	-	-	-	-	-
Nissan Rogue	19,396	25,111	15,210	8,505	18,900	19,845	21,192	18,837	20,407	20,421	16,774	23,338
Nissan Sentra	7,756	10,041	6,082	3,583	7,963	8,361	9,147	8,131	8,808	8,357	6,865	9,551
Nissan Titan	1,862	2,410	1,460	1,164	2,586	2,715	2,527	2,246	2,434	2,374	1,950	2,713
Nissan Versa	3,955	5,120	3,101	1,380	3,066	3,220	3,670	3,262	3,534	6,060	4,978	6,926
Porsche 718	130	168	102	85	189	198	380	338	366	503	413	575
Porsche 911	841	1,089	660	404	898	943	549	488	529	822	676	940
Porsche Cayenne	1,241	1,607	973	688	1,529	1,605	1,581	1,405	1,523	2,004	1,646	2,290
Porsche Macan	1,227	1,588	962	714	1,586	1,665	1,917	1,704	1,846	1,830	1,503	2,091
Porsche Panamera	385	498	302	157	348	366	373	332	359	253	208	290
Porsche Taycan	72	83	56	147	327	344	652	579	627	512	420	585
Ram Pickup	41,836	54,163	32,807	21,141	46,979	49,328	54,756	48,672	52,728	54,403	44,688	62,175
Ram ProMaster	3,113	4,030	2,441	1,424	3,165	3,323	5,610	4,986	5,402	5,755	4,727	6,577
Ram ProMaster City	681	881	534	418	929	975	1,059	941	1,020	1,002	823	1,145
Subaru Ascent	5,606	5,982	4,036	3,954	5,740	6,079	6,075	6,619	5,744	5,865	5,231	6,692
Subaru BRZ	112	166	114	105	227	238	266	267	251	221	129	171
Subaru CrossTrek	8,131	8,287	5,098	4,489	9,486	10,241	8,913	10,329	11,950	14,994	12,841	14,957
Subaru Forester	13,209	16,458	9,413	9,431	17,859	19,490	15,313	17,261	15,648	14,697	12,211	16,006
Subaru Impreza	3,978	3,916	2,395	1,857	3,085	3,389	4,259	4,654	4,622	4,329	3,174	3,970
Subaru Impreza WRX	1,399	1,787	1,354	1,368	2,255	2,170	1,845	1,218	2,040	2,060	1,714	1,968
Subaru Legacy	2,471	2,434	1,630	1,358	1,954	2,054	2,629	2,681	2,825	2,490	2,192	2,522
Subaru Outback	11,379	12,665	8,571	8,058	11,382	10,250	12,158	14,856	17,023	16,755	12,921	17,272
Tesla Model 3	19,000	17,500	8,000	5,400	12,000	12,600	31,208	27,740	30,052	-	-	-
Tesla Model S	1,900	1,700	1,000	576	1,280	1,344	2,630	2,338	2,532	-	-	-
Tesla Model X	1,450	1,250	1,000	648	1,440	1,512	2,735	2,431	2,634	-	-	-
Tesla Model Y	-	-	-	-	-	-	12,273	10,909	11,818	-	-	-
Toyota 4Runner	9,342	10,912	7,818	5,284	11,742	12,330	9,310	9,860	10,229	12,940	12,416	16,869
Toyota 86 / FR-S	222	280	202	116	258	271	231	236	152	172	131	205
Toyota Avalon	1,510	1,550	1,020	627	1,393	1,463	1,762	1,813	1,833	1,857	1,680	1,913
Toyota C-HR	2,961	4,439	2,972	1,989	4,421	4,642	3,677	3,897	4,606	3,358	2,666	3,308
Toyota Camry	24,824	29,245	23,119	8,768	19,484	20,459	22,792	27,892	28,362	29,666	29,373	30,364
Toyota Corolla	23,477	26,590	19,147	7,270	16,155	16,963	17,564	19,154	19,894	21,569	23,987	25,409
Toyota Highlander	17,009	20,174	10,707	5,613	12,472	13,096	18,128	21,795	22,307	22,262	21,935	26,778
Toyota Land Cruiser	215	226	173	114	254	267	209	161	141	412	368	606
Toyota Mirai	57	59	31	11	25	26	27	64	41	27	111	20
Toyota Prius Family	4,089	4,532	2,862	1,620	3,600	3,780	4,391	3,905	3,787	3,633	3,248	4,078
Toyota RAV4	33,130	39,626	24,875	15,431	34,292	36,006	36,323	39,239	43,652	40,717	40,250	46,846
Toyota Sequoia	505	571	332	202	448	470	666	769	770	831	752	1,048
Toyota Sienna	3,934	4,778	3,164	960	2,133	2,239	3,462	3,987	4,124	2,812	3,779	7,513
Toyota Supra	342	398	273	231	512	538	515	500	489	677	708	704
Toyota Tacoma	17,112	20,609	15,915	9,191	20,425	21,446	17,412	20,579	20,929	23,774	22,456	28,957
Toyota Tundra	6,655	8,059	6,944	4,900	10,889	11,433	9,066	10,130	8,738	9,999	10,266	12,124
Toyota Venza	-	-	-	-	-	-	-	43	1,625	3,510	3,400	4,495
Toyota Yaris	860	965	591	236	525	551	509	726	691	442	199	141
Volkswagen Arteon	256	331	201	143	319	335	370	329	357	324	266	371
Volkswagen Atlas	5,004	6,479	3,924	2,938	6,528	6,855	8,482	7,539	8,168	6,870	5,644	7,852
Volkswagen Atlas Sport	-	-	-	-	-	-	-	-	-	3,737	3,070	4,271
Volkswagen Beetle	523	677	410	506	1,124	1,181	-	-	-	-	-	-
Volkswagen CC	6	7	4	-	-	-	-	-	-	-	-	-
Volkswagen Golf	2,501	3,238	1,961	827	1,838	1,930	1,751	1,557	1,687	1,564	1,285	1,788
Volkswagen Jetta	6,945	8,992	5,446	2,875	6,388	6,708	7,054	6,270	6,792	8,495	6,978	9,709
Volkswagen Passat	1,943	2,515	1,523	742	1,648	1,730	2,135	1,898	2,056	2,285	1,877	2,612
Volkswagen Tiguan	7,203	9,325	5,648	4,557	10,127	10,634	9,842	8,749	9,478	8,476	6,962	9,686
Volkswagen Touareg	1	1	1	-	-	-	-	-	-	-	-	-
Volvo 40 Series	-	-	1,099	-	-	-	-	-	-	-	-	-
Volvo 60-Series	1,021	1,385	-	506	1,241	1,486	1,546	1,790	2,341	1,213	1,736	1,464
Volvo 90-Series	102	136	116	91	178	263	332	676	718	146	239	198
Volvo XC40	1,303	1,615	1,052	930	2,305	2,315	2,216	1,933	1,911	2,504	2,344	3,350
Volvo XC60	1,737	2,276	1,556	1,053	2,723	2,867	2,637	2,981	2,632	3,571	3,756	4,289
Volvo XC90	1,994	2,429	1,664	1,286	3,072	3,454	2,966	2,998	2,672	3,257	3,516	4,943
												
	∑ = 1,157,415	∑ = 1,434,716	∑ = 912,800	∑ = 563,122	∑ = 1,181,756	∑ = 1,214,706	∑ = 1,336,267	∑ = 1,298,489	∑ = 1,370,243	∑ = 1,333,792	∑ = 1,146,235	∑ = 1,523,736