,Model,Jan,Feb,Mar,Apr,May,Jun,Jul,Aug,Sep,Oct,Nov,Dec,is_EV,sale total
0,Ford F-Series,60595.0,78449.0,47517.0,32549.0,72330.0,75947.0,77720.0,69085.0,74842.0,71593.0,52698.0,74047.0,0,787372.0
1,Chevrolet Silverado,46673.0,60425.0,36600.0,22038.0,48973.0,51421.0,51715.0,45969.0,49800.0,60535.0,49725.0,69183.0,0,593057.0
2,Ram Pickup,41836.0,54163.0,32807.0,21141.0,46979.0,49328.0,54756.0,48672.0,52728.0,54403.0,44688.0,62175.0,0,563676.0
3,Toyota RAV4,33130.0,39626.0,24875.0,15431.0,34292.0,36006.0,36323.0,39239.0,43652.0,40717.0,40250.0,46846.0,0,430387.0
4,Honda CR-V,26027.0,28268.0,16891.0,12201.0,29023.0,26488.0,20473.0,34391.0,33572.0,32415.0,25633.0,38120.0,0,323502.0
5,Toyota Camry,24824.0,29245.0,23119.0,8768.0,19484.0,20459.0,22792.0,27892.0,28362.0,29666.0,29373.0,30364.0,0,294348.0
6,Chevrolet Equinox,23858.0,30887.0,18708.0,9144.0,20319.0,21335.0,23660.0,21031.0,22784.0,26741.0,21966.0,30561.0,0,270994.0
7,Honda Civic,20054.0,25617.0,18273.0,13410.0,27244.0,23260.0,25188.0,25524.0,22371.0,21865.0,17372.0,21047.0,0,261225.0
8,GMC Sierra,17217.0,22290.0,13501.0,9688.0,21530.0,22606.0,23778.0,21136.0,22898.0,26438.0,21717.0,30215.0,0,253014.0
9,Toyota Tacoma,17112.0,20609.0,15915.0,9191.0,20425.0,21446.0,17412.0,20579.0,20929.0,23774.0,22456.0,28957.0,0,238805.0
10,Toyota Corolla,23477.0,26590.0,19147.0,7270.0,16155.0,16963.0,17564.0,19154.0,19894.0,21569.0,23987.0,25409.0,0,237179.0
11,Nissan Rogue,19396.0,25111.0,15210.0,8505.0,18900.0,19845.0,21192.0,18837.0,20407.0,20421.0,16774.0,23338.0,0,227936.0
12,Ford Explorer,18289.0,23678.0,14342.0,8071.0,17936.0,18832.0,20709.0,18408.0,19942.0,21079.0,18848.0,26081.0,0,226215.0
13,Toyota Highlander,17009.0,20174.0,10707.0,5613.0,12472.0,13096.0,18128.0,21795.0,22307.0,22262.0,21935.0,26778.0,0,212276.0
14,Jeep Grand Cherokee,16267.0,21060.0,12756.0,8339.0,18530.0,19457.0,19793.0,17594.0,19060.0,19205.0,15776.0,21949.0,0,209786.0
15,Jeep Wrangler,12884.0,16680.0,10103.0,10163.0,22585.0,23714.0,18960.0,16853.0,18258.0,17242.0,14163.0,19705.0,0,201310.0
16,Honda Accord,15099.0,18216.0,13810.0,8851.0,17369.0,15409.0,17221.0,19167.0,20149.0,19185.0,15473.0,19509.0,0,199458.0
17,Ford Escape,15628.0,20233.0,12255.0,6602.0,14672.0,15406.0,16465.0,14636.0,15855.0,15959.0,13411.0,17373.0,0,178495.0
18,Subaru Forester,13209.0,16458.0,9413.0,9431.0,17859.0,19490.0,15313.0,17261.0,15648.0,14697.0,12211.0,16006.0,0,176996.0
19,Subaru Outback,11379.0,12665.0,8571.0,8058.0,11382.0,10250.0,12158.0,14856.0,17023.0,16755.0,12921.0,17272.0,0,153290.0
20,Mazda CX-5,12908.0,14462.0,7841.0,5220.0,12140.0,12501.0,11878.0,13745.0,13582.0,11890.0,12299.0,17954.0,0,146420.0
21,Nissan Altima,15378.0,19909.0,12059.0,3906.0,8681.0,9115.0,9830.0,8738.0,9466.0,13800.0,11335.0,15771.0,0,137988.0
22,Jeep Cherokee,10938.0,14160.0,8577.0,4187.0,9305.0,9770.0,14370.0,12773.0,13838.0,12798.0,10512.0,14626.0,0,135854.0
23,Ford Transit,11964.0,15490.0,9382.0,3230.0,7178.0,7536.0,13637.0,12122.0,13132.0,12403.0,9917.0,15566.0,0,131557.0
24,Toyota 4Runner,9342.0,10912.0,7818.0,5284.0,11742.0,12330.0,9310.0,9860.0,10229.0,12940.0,12416.0,16869.0,0,129052.0
25,Chevrolet Traverse,9775.0,12655.0,7665.0,4017.0,8926.0,9372.0,11082.0,9850.0,10671.0,14011.0,11509.0,16013.0,0,125546.0
26,Honda Pilot,7765.0,9688.0,6445.0,6562.0,12227.0,12128.0,12036.0,12508.0,10643.0,11631.0,9126.0,13054.0,0,123813.0
27,Hyundai Tuscon,8068.0,9594.0,6073.0,8438.0,15552.0,10216.0,10922.0,11632.0,10644.0,10898.0,9739.0,11881.0,0,123657.0
28,Subaru CrossTrek,8131.0,8287.0,5098.0,4489.0,9486.0,10241.0,8913.0,10329.0,11950.0,14994.0,12841.0,14957.0,0,119716.0
29,Ford Fusion,11997.0,15532.0,9408.0,4407.0,9794.0,10283.0,10254.0,9115.0,9874.0,6526.0,5902.0,7573.0,0,110665.0
30,Toyota Tundra,6655.0,8059.0,6944.0,4900.0,10889.0,11433.0,9066.0,10130.0,8738.0,9999.0,10266.0,12124.0,0,109203.0
31,Ford Edge,9614.0,12446.0,7539.0,3789.0,8421.0,8842.0,9191.0,8170.0,8850.0,10387.0,9096.0,12541.0,0,108886.0
32,Jeep Compass,9686.0,12539.0,7595.0,3312.0,7360.0,7728.0,10375.0,9222.0,9991.0,10174.0,8358.0,11628.0,0,107968.0
33,Chevrolet Trax,9173.0,11876.0,7193.0,4044.0,8986.0,9436.0,10339.0,9190.0,9956.0,8807.0,7234.0,10065.0,0,106299.0
34,Hyundai Elantra,7874.0,10441.0,7430.0,7536.0,7608.0,7561.0,9283.0,9135.0,8235.0,11428.0,8095.0,10849.0,0,105475.0
35,Chevrolet Malibu,11460.0,14837.0,8987.0,2279.0,5064.0,5318.0,8926.0,7934.0,8595.0,9868.0,8106.0,11278.0,0,102652.0
36,Hyundai Santa Fe,7148.0,7152.0,6358.0,5602.0,9549.0,8376.0,9296.0,9129.0,8566.0,9072.0,8765.0,12500.0,0,101513.0
37,Ford Ranger,6814.0,8822.0,5344.0,4501.0,10003.0,10503.0,9941.0,8836.0,9573.0,8779.0,8495.0,9874.0,0,101485.0
38,Lexus RX,7377.0,7936.0,5534.0,2874.0,6386.0,6706.0,8800.0,10972.0,9666.0,9738.0,10556.0,14514.0,0,101059.0
39,Volkswagen Tiguan,7203.0,9325.0,5648.0,4557.0,10127.0,10634.0,9842.0,8749.0,9478.0,8476.0,6962.0,9686.0,0,100687.0
40,Chevrolet Colorado,6960.0,9011.0,5458.0,3572.0,7937.0,8334.0,9557.0,8495.0,9203.0,9348.0,7678.0,10683.0,0,96236.0
41,Nissan Sentra,7756.0,10041.0,6082.0,3583.0,7963.0,8361.0,9147.0,8131.0,8808.0,8357.0,6865.0,9551.0,0,94645.0
42,Chevrolet Blazer,7192.0,9312.0,5640.0,3551.0,7890.0,8285.0,10339.0,9190.0,9956.0,7841.0,6441.0,8961.0,0,94598.0
43,Chevrolet Tahoe,6627.0,8579.0,5197.0,2883.0,6406.0,6727.0,8107.0,7207.0,7807.0,9681.0,7952.0,11064.0,0,88237.0
44,GMC Terrain,8215.0,10635.0,6442.0,2509.0,5576.0,5854.0,7473.0,6643.0,7197.0,8594.0,7060.0,9822.0,0,86020.0
45,Kia Forte,6248.0,8513.0,7598.0,4222.0,6603.0,6260.0,7410.0,8414.0,7643.0,8107.0,6860.0,7119.0,0,84997.0
46,Kia Sportage,6741.0,7934.0,5382.0,3964.0,7576.0,8021.0,7945.0,7672.0,7165.0,6989.0,7039.0,7915.0,0,84343.0
47,Chrysler Pacifica,7966.0,10313.0,6247.0,1992.0,4428.0,4649.0,10062.0,8944.0,0.0,9956.0,8178.0,11378.0,0,84113.0
48,Honda HR-V,7457.0,8114.0,3843.0,2906.0,7063.0,7512.0,8402.0,8942.0,7560.0,7421.0,6379.0,8428.0,0,84027.0
49,Honda Odyssey,5622.0,6494.0,4274.0,3933.0,7648.0,7946.0,7286.0,8644.0,7844.0,8001.0,7016.0,8701.0,0,83409.0
50,Volkswagen Jetta,6945.0,8992.0,5446.0,2875.0,6388.0,6708.0,7054.0,6270.0,6792.0,8495.0,6978.0,9709.0,0,82652.0
51,Hyundai Palisade,5432.0,6967.0,3934.0,3331.0,7866.0,8169.0,8404.0,7983.0,7741.0,7519.0,6436.0,8123.0,0,81905.0
52,Ford Expedition,6428.0,8322.0,5041.0,2260.0,5022.0,5273.0,6803.0,6047.0,6551.0,9014.0,7025.0,10052.0,0,77838.0
53,Jeep Gladiator,4956.0,6416.0,3886.0,3522.0,7827.0,8219.0,7771.0,6908.0,7484.0,6933.0,5695.0,7924.0,0,77541.0
54,Dodge Charger,6050.0,7833.0,4745.0,2062.0,4582.0,4812.0,8257.0,7339.0,7951.0,8027.0,6594.0,9174.0,0,77426.0
55,Hyundai Sonata,5501.0,6144.0,3957.0,3428.0,5852.0,5407.0,6834.0,7965.0,8038.0,7570.0,8242.0,8059.0,0,76997.0
56,Volkswagen Atlas,5004.0,6479.0,3924.0,2938.0,6528.0,6855.0,8482.0,7539.0,8168.0,6870.0,5644.0,7852.0,0,76283.0
57,Kia Telluride,4919.0,6754.0,5153.0,3087.0,2599.0,2864.0,4822.0,7588.0,8829.0,9687.0,8993.0,9824.0,0,75119.0
58,Kia Sorento,5470.0,6875.0,5710.0,4286.0,7262.0,8193.0,8008.0,7809.0,6879.0,5832.0,2938.0,5415.0,0,74677.0
59,GMC Acadia,5744.0,7437.0,4505.0,2744.0,6097.0,6402.0,6393.0,5682.0,6156.0,7212.0,5924.0,8242.0,0,72538.0
60,Kia Soul,5530.0,5816.0,5367.0,3565.0,6234.0,7439.0,7622.0,6968.0,6700.0,6318.0,4767.0,5446.0,0,71772.0
61,Subaru Ascent,5606.0,5982.0,4036.0,3954.0,5740.0,6079.0,6075.0,6619.0,5744.0,5865.0,5231.0,6692.0,0,67623.0
62,GMC Yukon,4569.0,5915.0,3583.0,1898.0,4217.0,4428.0,4935.0,4386.0,4752.0,8352.0,6861.0,9546.0,0,63442.0
63,Jeep Renegade,4600.0,5956.0,3608.0,2285.0,5078.0,5332.0,6649.0,5910.0,6402.0,5744.0,4718.0,6565.0,0,62847.0
64,Ford Mustang,5869.0,7598.0,4602.0,2829.0,6287.0,6601.0,4857.0,4317.0,4677.0,4399.0,4119.0,4935.0,0,61090.0
65,Ford EcoSport,4197.0,5434.0,3291.0,3102.0,6893.0,7237.0,5977.0,5313.0,5755.0,4210.0,4318.0,4817.0,0,60544.0
66,BMW X3,3447.0,4463.0,2703.0,1703.0,3784.0,3973.0,5714.0,5061.0,5388.0,7942.0,6523.0,9076.0,0,59777.0
67,Nissan Kicks,4537.0,5874.0,3558.0,1655.0,3677.0,3861.0,6830.0,6071.0,6577.0,5471.0,4494.0,6253.0,0,58858.0
68,Nissan Murano,5094.0,6595.0,3994.0,2573.0,5717.0,6003.0,5219.0,4639.0,5026.0,4519.0,3712.0,5165.0,0,58256.0
69,Dodge Durango,5783.0,7487.0,4535.0,2105.0,4678.0,4911.0,5595.0,4974.0,5388.0,4174.0,3428.0,4770.0,0,57828.0
70,Lexus NX,3826.0,4308.0,3175.0,2055.0,4566.0,4795.0,4726.0,4784.0,3694.0,5470.0,6129.0,8256.0,0,55784.0
71,Chevrolet Express,4323.0,5596.0,3390.0,1621.0,3602.0,3783.0,5184.0,4608.0,4992.0,6052.0,4972.0,6917.0,0,55040.0
72,Nissan Frontier,3339.0,4323.0,2618.0,1583.0,3518.0,3693.0,2529.0,2248.0,20407.0,3562.0,2926.0,4071.0,0,54817.0
73,Dodge Challenger,3942.0,5104.0,3092.0,1778.0,3952.0,4150.0,5727.0,5090.0,5515.0,4927.0,4047.0,5631.0,0,52955.0
74,Acura RDX,3493.0,4982.0,2678.0,1760.0,4427.0,5410.0,5317.0,5057.0,4664.0,5022.0,4155.0,5820.0,0,52785.0
75,Ram ProMaster,3113.0,4030.0,2441.0,1424.0,3165.0,3323.0,5610.0,4986.0,5402.0,5755.0,4727.0,6577.0,0,50553.0
76,BMW X5,3455.0,4473.0,2709.0,1533.0,3407.0,3577.0,4491.0,3977.0,4234.0,6294.0,5170.0,7193.0,0,50513.0
77,Audi Q5,3235.0,4188.0,2537.0,1453.0,3229.0,3390.0,3976.0,3534.0,3829.0,7106.0,5837.0,8121.0,0,50435.0
78,Nissan Pathfinder,5876.0,7608.0,4608.0,1595.0,3544.0,3722.0,3707.0,3295.0,3570.0,3729.0,3063.0,4262.0,0,48579.0
79,Kia Optima,6177.0,5760.0,8408.0,6894.0,5854.0,5732.0,4949.0,3307.0,1020.0,255.0,104.0,24.0,0,48484.0
80,Nissan Versa,3955.0,5120.0,3101.0,1380.0,3066.0,3220.0,3670.0,3262.0,3534.0,6060.0,4978.0,6926.0,0,48272.0
81,Acura MDX,2961.0,3843.0,2137.0,1725.0,3331.0,3977.0,4494.0,5165.0,4920.0,4732.0,4491.0,6040.0,0,47816.0
82,Kia Seltos,94.0,2798.0,2160.0,1839.0,3551.0,3636.0,4504.0,5314.0,5613.0,5542.0,5122.0,6107.0,0,46280.0
83,Buick Encore,5469.0,7081.0,4289.0,1806.0,4013.0,4214.0,3907.0,3473.0,3763.0,2138.0,1756.0,2444.0,0,44353.0
84,Subaru Impreza,3978.0,3916.0,2395.0,1857.0,3085.0,3389.0,4259.0,4654.0,4622.0,4329.0,3174.0,3970.0,0,43628.0
85,Toyota Prius Family,4089.0,4532.0,2862.0,1620.0,3600.0,3780.0,4391.0,3905.0,3787.0,3633.0,3248.0,4078.0,0,43525.0
86,Lexus ES,3037.0,3356.0,2854.0,1397.0,3105.0,3260.0,3868.0,4366.0,4541.0,4117.0,4290.0,5101.0,0,43292.0
87,Toyota C-HR,2961.0,4439.0,2972.0,1989.0,4421.0,4642.0,3677.0,3897.0,4606.0,3358.0,2666.0,3308.0,0,42936.0
88,Toyota Sienna,3934.0,4778.0,3164.0,960.0,2133.0,2239.0,3462.0,3987.0,4124.0,2812.0,3779.0,7513.0,0,42885.0
89,Buick Encore GX,0.0,0.0,0.0,1666.0,3702.0,3888.0,5617.0,4993.0,5409.0,5723.0,4701.0,6541.0,0,42240.0
90,Dodge Journey,4921.0,6371.0,3859.0,978.0,2174.0,2282.0,3564.0,3168.0,3432.0,3236.0,2658.0,3698.0,0,40341.0
91,Honda Passport,2846.0,3109.0,1878.0,1594.0,3536.0,3060.0,3291.0,4070.0,4281.0,4102.0,3456.0,4344.0,0,39567.0
92,BMW 3-Series,3447.0,4463.0,2703.0,1388.0,3085.0,3239.0,3638.0,3222.0,1383.0,4292.0,3525.0,4905.0,0,39290.0
93,Dodge Grand Caravan,8098.0,10483.0,6350.0,952.0,2116.0,2222.0,2080.0,1849.0,2003.0,881.0,724.0,1007.0,0,38765.0
94,Buick Enclave,2843.0,3680.0,2229.0,1342.0,2981.0,3130.0,3484.0,3097.0,3355.0,4162.0,3419.0,4757.0,0,38479.0
95,Mazda CX-30,2368.0,3754.0,2242.0,1483.0,3583.0,3526.0,3787.0,3862.0,3188.0,3214.0,2649.0,4408.0,0,38064.0
96,Ford E-Series,3280.0,4246.0,2572.0,1044.0,2321.0,2437.0,3256.0,2894.0,3136.0,4469.0,3412.0,3934.0,0,37001.0
97,Cadillac XT5,2931.0,3794.0,2298.0,1041.0,2313.0,2429.0,3320.0,2951.0,3197.0,3694.0,3034.0,4222.0,0,35224.0
98,Buick Envision,2252.0,2915.0,1766.0,1419.0,3152.0,3310.0,4087.0,3633.0,3935.0,2859.0,2348.0,3267.0,0,34943.0
99,Ford Transit Connect,2457.0,3181.0,1927.0,1217.0,2704.0,2839.0,3828.0,3402.0,3686.0,2886.0,2993.0,3476.0,0,34596.0
100,Chevrolet TrailBlazer,1.0,1.0,1.0,1206.0,2680.0,2814.0,3619.0,3217.0,3485.0,5825.0,4785.0,6658.0,0,34292.0
101,Volvo XC90,1994.0,2429.0,1664.0,1286.0,3072.0,3454.0,2966.0,2998.0,2672.0,3257.0,3516.0,4943.0,0,34251.0
102,Mercedes-Benz GLC/GLK-Class,4254.0,5508.0,3336.0,1703.0,3784.0,3974.0,4007.0,3562.0,3859.0,0.0,0.0,0.0,0,33987.0
103,Chevrolet Suburban,3084.0,0.0,2418.0,1263.0,2806.0,2947.0,2647.0,2353.0,2549.0,4580.0,3762.0,5235.0,0,33644.0
104,Chevrolet Spark,3038.0,3933.0,2382.0,956.0,2124.0,2231.0,2936.0,2610.0,2827.0,3523.0,2894.0,4026.0,0,33480.0
105,Honda Fit,2534.0,2853.0,1792.0,1187.0,2598.0,2923.0,3571.0,3814.0,3116.0,3082.0,2313.0,2705.0,0,32488.0
106,Honda Ridgeline,3083.0,3210.0,1832.0,1460.0,2553.0,2367.0,2771.0,3081.0,2755.0,3401.0,2528.0,3127.0,0,32168.0
107,Mercedes-Benz GLE-Class,3833.0,4963.0,3006.0,1710.0,3800.0,3990.0,3807.0,3384.0,3666.0,0.0,0.0,0.0,0,32159.0
108,Volvo XC60,1737.0,2276.0,1556.0,1053.0,2723.0,2867.0,2637.0,2981.0,2632.0,3571.0,3756.0,4289.0,0,32078.0
109,Kia K5,0.0,0.0,0.0,0.0,0.0,0.0,1268.0,3631.0,5763.0,7528.0,7437.0,6029.0,0,31656.0
110,Mazda 3,2496.0,3759.0,1863.0,1492.0,3368.0,3250.0,3231.0,3175.0,2535.0,2570.0,2613.0,0.0,0,30352.0
111,Chevrolet Camaro,2334.0,3021.0,1830.0,1202.0,2670.0,2804.0,2934.0,2608.0,2825.0,2547.0,2092.0,2910.0,0,29777.0
112,Mitsubishi Outlander Sport,3011.0,6213.0,3353.0,1495.0,1329.0,1384.0,2707.0,2406.0,2606.0,1461.0,1200.0,1670.0,0,28835.0
113,Lexus GX,1804.0,1968.0,1350.0,1115.0,2478.0,2601.0,2167.0,2706.0,2388.0,2828.0,2975.0,4139.0,0,28519.0
114,Mazda CX-9,2552.0,2926.0,1741.0,1084.0,2421.0,2727.0,2335.0,2443.0,2183.0,2382.0,1972.0,2872.0,0,27638.0
115,Audi Q3,1805.0,2336.0,1415.0,794.0,1764.0,1853.0,2571.0,2286.0,2476.0,3357.0,2758.0,3837.0,0,27252.0
116,Subaru Legacy,2471.0,2434.0,1630.0,1358.0,1954.0,2054.0,2629.0,2681.0,2825.0,2490.0,2192.0,2522.0,0,27240.0
117,Mitsubishi Outlander,3891.0,5291.0,3627.0,972.0,864.0,900.0,2778.0,2470.0,2675.0,1236.0,1016.0,1413.0,0,27133.0
118,Nissan Titan,1862.0,2410.0,1460.0,1164.0,2586.0,2715.0,2527.0,2246.0,2434.0,2374.0,1950.0,2713.0,0,26441.0
119,Lincoln MKC,1842.0,2384.0,1444.0,983.0,2185.0,2294.0,2470.0,2196.0,2378.0,3053.0,2242.0,2755.0,0,26226.0
120,BMW 5-Series,1752.0,2269.0,1374.0,889.0,1976.0,2075.0,1877.0,1663.0,553.0,3740.0,3072.0,4275.0,0,25515.0
121,Audi Q7,2024.0,2621.0,1587.0,795.0,1767.0,1856.0,2151.0,1912.0,2071.0,2897.0,2380.0,3311.0,0,25372.0
122,GMC Canyon,1456.0,1885.0,1142.0,941.0,2090.0,2195.0,2270.0,2018.0,2186.0,3039.0,2496.0,3473.0,0,25191.0
123,Cadillac Escalade,1825.0,2363.0,1431.0,888.0,1974.0,2073.0,1591.0,1414.0,1532.0,3189.0,2620.0,3645.0,0,24545.0
124,Kia Rio,1628.0,3082.0,2135.0,1436.0,1760.0,1706.0,2056.0,2097.0,2143.0,2104.0,1728.0,2052.0,0,23927.0
125,Volvo XC40,1303.0,1615.0,1052.0,930.0,2305.0,2315.0,2216.0,1933.0,1911.0,2504.0,2344.0,3350.0,0,23778.0
126,BMW X7,4188.0,1927.0,1167.0,733.0,1628.0,1710.0,1709.0,1513.0,1611.0,2376.0,1952.0,2716.0,0,23230.0
127,Lincoln Aviator,1840.0,2383.0,1443.0,723.0,1606.0,1687.0,2145.0,1907.0,2066.0,2184.0,1942.0,3154.0,0,23080.0
128,Volkswagen Passat,1943.0,2515.0,1523.0,742.0,1648.0,1730.0,2135.0,1898.0,2056.0,2285.0,1877.0,2612.0,0,22964.0
129,Infiniti QX60,2943.0,3810.0,2308.0,560.0,1244.0,1306.0,1870.0,1663.0,1801.0,1813.0,1489.0,2072.0,0,22879.0
130,Lincoln MKX/Nautilus,1704.0,2206.0,1336.0,906.0,2014.0,2115.0,2024.0,1799.0,1949.0,2123.0,1874.0,2693.0,0,22743.0
131,Cadillac XT6,1648.0,2134.0,1292.0,744.0,1652.0,1735.0,2191.0,1948.0,2110.0,2414.0,1983.0,2759.0,0,22610.0
132,Mercedes-Benz Sprinter,1710.0,2214.0,1341.0,1307.0,2904.0,3049.0,3506.0,3117.0,3377.0,0.0,0.0,0.0,0,22525.0
133,Cadillac XT4,1677.0,2171.0,1315.0,716.0,1591.0,1671.0,2225.0,1978.0,2142.0,2357.0,1936.0,2694.0,0,22473.0
134,Volkswagen Golf,2501.0,3238.0,1961.0,827.0,1838.0,1930.0,1751.0,1557.0,1687.0,1564.0,1285.0,1788.0,0,21927.0
135,Acura TLX,1769.0,2263.0,1452.0,1024.0,1467.0,1439.0,1886.0,1973.0,1848.0,2365.0,2014.0,2285.0,0,21785.0
136,Chevrolet Corvette,1241.0,1606.0,973.0,443.0,984.0,1033.0,2228.0,1981.0,2146.0,3033.0,2492.0,3467.0,0,21627.0
137,Subaru Impreza WRX,1399.0,1787.0,1354.0,1368.0,2255.0,2170.0,1845.0,1218.0,2040.0,2060.0,1714.0,1968.0,0,21178.0
138,Infiniti QX50,1354.0,1753.0,1062.0,882.0,1960.0,2058.0,1929.0,1714.0,1857.0,2131.0,1750.0,2435.0,0,20885.0
139,Mercedes-Benz E / CLS-Class,2293.0,2969.0,1798.0,1234.0,2743.0,2880.0,2271.0,2018.0,2187.0,0.0,0.0,0.0,0,20393.0
140,Nissan Armada,2607.0,3375.0,2044.0,923.0,2051.0,2153.0,1531.0,1361.0,1474.0,715.0,587.0,817.0,0,19638.0
141,Mercedes-Benz C-Class,2227.0,2883.0,1746.0,0.0,2610.0,2741.0,2530.0,2249.0,2436.0,0.0,0.0,0.0,0,19422.0
142,Mitsubishi Mirage,1511.0,1852.0,1283.0,1352.0,1202.0,1252.0,2047.0,1820.0,1972.0,1634.0,1342.0,1868.0,0,19135.0
143,Audi A5,1728.0,2237.0,1355.0,898.0,1996.0,2096.0,1304.0,1159.0,1255.0,1619.0,1330.0,1850.0,0,18827.0
144,Mercedes-Benz GLB,1566.0,2027.0,1228.0,1206.0,2680.0,2814.0,2521.0,2241.0,2428.0,0.0,0.0,0.0,0,18711.0
145,Mini Cooper,1157.0,1498.0,907.0,656.0,1457.0,1530.0,2119.0,1877.0,1998.0,1850.0,1520.0,2115.0,0,18684.0
146,Porsche Macan,1227.0,1588.0,962.0,714.0,1586.0,1665.0,1917.0,1704.0,1846.0,1830.0,1503.0,2091.0,0,18633.0
147,Toyota Avalon,1510.0,1550.0,1020.0,627.0,1393.0,1463.0,1762.0,1813.0,1833.0,1857.0,1680.0,1913.0,0,18421.0
148,Audi A4,1283.0,1661.0,1006.0,795.0,1766.0,1854.0,2089.0,1857.0,2012.0,1356.0,1114.0,1549.0,0,18342.0
149,Nissan Maxima,1982.0,2566.0,1554.0,717.0,1673.0,1673.0,1392.0,1237.0,1340.0,1352.0,1110.0,1545.0,0,18141.0
150,Porsche Cayenne,1241.0,1607.0,973.0,688.0,1529.0,1605.0,1581.0,1405.0,1523.0,2004.0,1646.0,2290.0,0,18092.0
151,Hyundai Venue,989.0,1226.0,951.0,817.0,1650.0,0.0,1620.0,1644.0,1529.0,1557.0,2965.0,2639.0,0,17587.0
152,Kia Niro,1570.0,1951.0,1454.0,774.0,1318.0,1185.0,1307.0,1991.0,1682.0,1524.0,1144.0,1534.0,0,17434.0
153,Nissan NV200,1540.0,1993.0,1207.0,583.0,1295.0,1360.0,1674.0,1488.0,1612.0,1476.0,1212.0,1686.0,0,17126.0
154,Lexus UX,1504.0,1350.0,984.0,632.0,1404.0,1475.0,1722.0,1521.0,1525.0,1527.0,1470.0,1848.0,0,16962.0
155,Mercedes-Benz GL/GLS-Class,2073.0,2683.0,1625.0,945.0,2101.0,2206.0,1857.0,1650.0,1788.0,0.0,0.0,0.0,0,16928.0
156,Infiniti Q50,1811.0,2344.0,1420.0,656.0,1457.0,1530.0,1356.0,1206.0,1306.0,1163.0,955.0,1329.0,0,16533.0
157,Mercedes-Benz GLA-Class,1614.0,2089.0,1266.0,509.0,1131.0,1188.0,3055.0,2715.0,2942.0,0.0,0.0,0.0,0,16509.0
158,Chrysler 300,1818.0,2353.0,1245.0,502.0,1115.0,1171.0,1112.0,988.0,1070.0,1720.0,1413.0,1966.0,0,16473.0
159,Mazda 6,1755.0,1730.0,1021.0,746.0,1477.0,1356.0,1199.0,1230.0,1451.0,1356.0,1196.0,1687.0,0,16204.0
160,Infiniti QX80,1818.0,2354.0,1426.0,655.0,1455.0,1528.0,721.0,641.0,695.0,1630.0,1339.0,1863.0,0,16125.0
161,Hyundai Accent,1565.0,2046.0,1196.0,736.0,1512.0,1239.0,1538.0,1135.0,1348.0,1129.0,972.0,1559.0,0,15975.0
162,Honda Insight,1433.0,1613.0,857.0,511.0,1127.0,1423.0,1922.0,1886.0,1472.0,1375.0,1080.0,1233.0,0,15932.0
163,Volvo 60-Series,1021.0,1385.0,0.0,506.0,1241.0,1486.0,1546.0,1790.0,2341.0,1213.0,1736.0,1464.0,0,15729.0
164,Lincoln Navigator,1243.0,1609.0,974.0,495.0,1100.0,1155.0,1275.0,1133.0,1227.0,1386.0,1362.0,2294.0,0,15253.0
165,Nissan NV,1211.0,1568.0,950.0,520.0,1155.0,1213.0,1318.0,1172.0,1270.0,1643.0,1350.0,1878.0,0,15248.0
166,GMC Savana,1358.0,1759.0,1065.0,537.0,1194.0,1253.0,1698.0,1510.0,1635.0,1045.0,859.0,1195.0,0,15108.0
167,Cadillac CT5,974.0,1262.0,764.0,464.0,1030.0,1082.0,1403.0,1247.0,1351.0,1732.0,1423.0,1980.0,0,14712.0
168,BMW X1,1342.0,1738.0,1053.0,415.0,923.0,969.0,1275.0,1129.0,1202.0,1458.0,1198.0,1666.0,0,14368.0
169,Lexus IS,741.0,1058.0,913.0,428.0,952.0,1000.0,886.0,1212.0,1531.0,1362.0,1228.0,2289.0,0,13600.0
170,Acura ILX,935.0,1083.0,723.0,506.0,1039.0,1109.0,1230.0,1331.0,1377.0,1523.0,1141.0,1417.0,0,13414.0
171,BMW 2-Series,576.0,745.0,451.0,685.0,1522.0,1598.0,1467.0,1299.0,16.0,1636.0,1344.0,1870.0,0,13209.0
172,Kia Sedona,1012.0,1416.0,1180.0,705.0,1482.0,1219.0,1036.0,1036.0,1045.0,1029.0,797.0,1233.0,0,13190.0
173,Toyota Venza,0.0,0.0,0.0,0.0,0.0,0.0,0.0,43.0,1625.0,3510.0,3400.0,4495.0,0,13073.0
174,Land Rover Range Rover Sport,1938.0,1722.0,1794.0,684.0,1520.0,1596.0,1332.0,1184.0,1283.0,0.0,0.0,0.0,0,13053.0
175,Chevrolet Sonic,1410.0,1825.0,1106.0,380.0,844.0,887.0,1524.0,1355.0,1468.0,745.0,612.0,851.0,0,13007.0
176,Kia Stinger,743.0,1063.0,754.0,871.0,1393.0,1527.0,1427.0,1101.0,913.0,1013.0,847.0,904.0,0,12556.0
177,Lincoln MKZ,1131.0,1464.0,887.0,537.0,1194.0,1254.0,1285.0,1143.0,1238.0,791.0,583.0,1011.0,0,12518.0
178,BMW 4-Series,714.0,924.0,560.0,317.0,704.0,739.0,587.0,520.0,3430.0,1303.0,1070.0,1489.0,0,12357.0
179,Audi Q8,791.0,1024.0,620.0,357.0,794.0,834.0,1142.0,1015.0,1100.0,1483.0,1218.0,1694.0,0,12072.0
180,Mercedes-Benz A-Class,1201.0,1555.0,942.0,739.0,1642.0,1724.0,1378.0,1225.0,1327.0,0.0,0.0,0.0,0,11733.0
181,Volkswagen Atlas Sport,0.0,0.0,0.0,0.0,0.0,0.0,0.0,0.0,0.0,3737.0,3070.0,4271.0,0,11078.0
182,Mercedes-Benz Metris,732.0,948.0,574.0,630.0,1400.0,1470.0,1753.0,1558.0,1688.0,0.0,0.0,0.0,0,10753.0
183,Audi A6,809.0,1048.0,635.0,374.0,830.0,872.0,1216.0,1081.0,1171.0,843.0,693.0,964.0,0,10536.0
184,Ram ProMaster City,681.0,881.0,534.0,418.0,929.0,975.0,1059.0,941.0,1020.0,1002.0,823.0,1145.0,0,10408.0
185,Mitsubishi Eclipse Cross,2118.0,2036.0,1030.0,413.0,367.0,382.0,852.0,757.0,820.0,521.0,428.0,595.0,0,10319.0
186,Alfa Romeo Stelvio,621.0,804.0,487.0,360.0,801.0,841.0,997.0,886.0,960.0,1189.0,977.0,1359.0,0,10282.0
187,Land Rover Range Rover,1486.0,1321.0,1376.0,504.0,1120.0,1176.0,1052.0,935.0,1013.0,0.0,0.0,0.0,0,9983.0
188,Chevrolet Impala,1613.0,2088.0,1265.0,366.0,813.0,854.0,672.0,597.0,647.0,347.0,285.0,396.0,0,9943.0
189,Audi A3,727.0,941.0,570.0,342.0,761.0,799.0,896.0,796.0,863.0,1094.0,899.0,1250.0,0,9938.0
190,Chrysler Town and Country,0.0,0.0,0.0,0.0,0.0,0.0,0.0,0.0,9690.0,0.0,0.0,0.0,0,9690.0
191,Genesis G70,716.0,841.0,517.0,551.0,870.0,897.0,883.0,950.0,899.0,826.0,683.0,803.0,0,9436.0
192,Mini Countryman,544.0,704.0,426.0,296.0,658.0,691.0,1054.0,933.0,993.0,1034.0,849.0,1181.0,0,9363.0
193,Mercedes-Benz CLA-Class,1065.0,1379.0,835.0,1175.0,1172.0,1231.0,789.0,701.0,760.0,0.0,0.0,0.0,0,9107.0
194,Porsche 911,841.0,1089.0,660.0,404.0,898.0,943.0,549.0,488.0,529.0,822.0,676.0,940.0,0,8839.0
195,Land Rover Range Rover Velar,1285.0,1142.0,1190.0,450.0,1000.0,1050.0,947.0,842.0,912.0,0.0,0.0,0.0,0,8818.0
196,Mazda MX-5 Miata,396.0,807.0,497.0,552.0,1102.0,966.0,696.0,774.0,862.0,851.0,610.0,694.0,0,8807.0
197,Mazda CX-3,1146.0,947.0,459.0,363.0,842.0,1000.0,959.0,860.0,436.0,473.0,413.0,437.0,0,8335.0
198,Alfa Romeo Giulia,571.0,740.0,448.0,305.0,677.0,711.0,769.0,683.0,740.0,864.0,709.0,987.0,0,8204.0
199,Land Rover Range Rover Evoque,1389.0,1235.0,1287.0,378.0,840.0,882.0,666.0,592.0,642.0,0.0,0.0,0.0,0,7911.0
200,Jaguar F-Pace,1418.0,1261.0,1313.0,342.0,760.0,798.0,701.0,623.0,675.0,0.0,0.0,0.0,0,7891.0
201,BMW 8-Series,550.0,712.0,431.0,314.0,699.0,734.0,742.0,657.0,699.0,734.0,603.0,839.0,0,7714.0
202,BMW X4,581.0,752.0,455.0,247.0,549.0,577.0,567.0,502.0,535.0,977.0,803.0,1117.0,0,7662.0
203,BMW X2,742.0,961.0,582.0,318.0,707.0,743.0,613.0,543.0,578.0,533.0,438.0,610.0,0,7368.0
204,Toyota Sequoia,505.0,571.0,332.0,202.0,448.0,470.0,666.0,769.0,770.0,831.0,752.0,1048.0,0,7364.0
205,BMW X6,406.0,526.0,319.0,216.0,480.0,504.0,698.0,618.0,658.0,967.0,794.0,1105.0,0,7291.0
206,Hyundai Veloster,665.0,842.0,575.0,541.0,858.0,0.0,861.0,836.0,601.0,443.0,296.0,267.0,0,6785.0
207,Mercedes-Benz S-Class,768.0,995.0,603.0,327.0,727.0,763.0,858.0,763.0,826.0,0.0,0.0,0.0,0,6630.0
208,Toyota Yaris,860.0,965.0,591.0,236.0,525.0,551.0,509.0,726.0,691.0,442.0,199.0,141.0,0,6436.0
209,BMW 7-Series,547.0,709.0,429.0,209.0,465.0,488.0,479.0,424.0,9.0,751.0,617.0,858.0,0,5985.0
210,Toyota Supra,342.0,398.0,273.0,231.0,512.0,538.0,515.0,500.0,489.0,677.0,708.0,704.0,0,5887.0
211,Land Rover Discovery Sport,874.0,777.0,809.0,252.0,560.0,588.0,701.0,623.0,675.0,0.0,0.0,0.0,0,5859.0
212,Lincoln Continental,508.0,657.0,398.0,182.0,405.0,425.0,455.0,404.0,438.0,501.0,378.0,505.0,0,5256.0
213,Mercedes-Benz G-Class,529.0,685.0,415.0,313.0,696.0,731.0,630.0,560.0,606.0,0.0,0.0,0.0,0,5165.0
214,Ford Bronco Sport,0.0,0.0,0.0,0.0,0.0,0.0,0.0,0.0,0.0,0.0,22.0,5098.0,0,5120.0
215,Cadillac CT4,13.0,17.0,10.0,106.0,236.0,248.0,539.0,479.0,519.0,918.0,754.0,1049.0,0,4888.0
216,Ford Flex,801.0,1037.0,628.0,303.0,674.0,708.0,189.0,168.0,182.0,41.0,118.0,0.0,0,4849.0
217,Land Rover Discovery / LR4,821.0,730.0,760.0,234.0,520.0,546.0,421.0,374.0,405.0,0.0,0.0,0.0,0,4811.0
218,Lexus LX,340.0,291.0,215.0,174.0,387.0,407.0,317.0,422.0,323.0,408.0,407.0,821.0,0,4512.0
219,Volkswagen Beetle,523.0,677.0,410.0,506.0,1124.0,1181.0,0.0,0.0,0.0,0.0,0.0,0.0,0,4421.0
220,Porsche Taycan,72.0,83.0,56.0,147.0,327.0,344.0,652.0,579.0,627.0,512.0,420.0,585.0,0,4404.0
221,Porsche Panamera,385.0,498.0,302.0,157.0,348.0,366.0,373.0,332.0,359.0,253.0,208.0,290.0,0,3871.0
222,Lexus RC,289.0,299.0,169.0,140.0,312.0,328.0,341.0,372.0,389.0,406.0,347.0,416.0,0,3808.0
223,Lexus LS,378.0,261.0,162.0,145.0,250.0,263.0,255.0,299.0,303.0,471.0,339.0,524.0,0,3650.0
224,Volkswagen Arteon,256.0,331.0,201.0,143.0,319.0,335.0,370.0,329.0,357.0,324.0,266.0,371.0,0,3602.0
225,Porsche 718,130.0,168.0,102.0,85.0,189.0,198.0,380.0,338.0,366.0,503.0,413.0,575.0,0,3447.0
226,Genesis G80,456.0,457.0,284.0,161.0,319.0,324.0,242.0,226.0,133.0,89.0,55.0,613.0,0,3359.0
227,Ford Fiesta,884.0,1145.0,694.0,78.0,174.0,182.0,47.0,42.0,46.0,11.0,51.0,0.0,0,3354.0
228,Mazda 2,0.0,0.0,0.0,0.0,0.0,0.0,0.0,0.0,0.0,0.0,0.0,3256.0,0,3256.0
229,Volvo 90-Series,102.0,136.0,116.0,91.0,178.0,263.0,332.0,676.0,718.0,146.0,239.0,198.0,0,3195.0
230,Toyota Land Cruiser,215.0,226.0,173.0,114.0,254.0,267.0,209.0,161.0,141.0,412.0,368.0,606.0,0,3146.0
231,Cadillac CT6,560.0,725.0,439.0,149.0,330.0,347.0,148.0,132.0,142.0,49.0,40.0,56.0,0,3117.0
232,Audi A7,211.0,273.0,165.0,107.0,238.0,250.0,263.0,233.0,253.0,292.0,240.0,334.0,0,2859.0
233,Jaguar E-Pace,443.0,393.0,410.0,117.0,260.0,273.0,316.0,281.0,304.0,0.0,0.0,0.0,0,2797.0
234,Infiniti Q60,301.0,390.0,236.0,139.0,308.0,323.0,207.0,184.0,199.0,171.0,140.0,195.0,0,2793.0
235,Lexus GS,227.0,224.0,173.0,122.0,272.0,285.0,269.0,330.0,262.0,200.0,111.0,85.0,0,2560.0
236,Buick Regal,390.0,505.0,306.0,148.0,329.0,345.0,141.0,135.0,135.0,20.0,16.0,23.0,0,2493.0
237,Toyota 86 / FR-S,222.0,280.0,202.0,116.0,258.0,271.0,231.0,236.0,152.0,172.0,131.0,205.0,0,2476.0
238,Mercedes-Benz AMG GT,314.0,407.0,246.0,153.0,153.0,356.0,263.0,234.0,253.0,0.0,0.0,0.0,0,2379.0
239,Audi A8,180.0,233.0,141.0,83.0,185.0,194.0,230.0,204.0,222.0,237.0,195.0,271.0,0,2375.0
240,BMW Z4,203.0,263.0,159.0,149.0,332.0,349.0,252.0,223.0,238.0,66.0,54.0,76.0,0,2364.0
241,Subaru BRZ,112.0,166.0,114.0,105.0,227.0,238.0,266.0,267.0,251.0,221.0,129.0,171.0,0,2267.0
242,Genesis G90,227.0,289.0,168.0,94.0,161.0,208.0,132.0,184.0,96.0,139.0,139.0,235.0,0,2072.0
243,Mitsubishi Outlander PHEV,95.0,151.0,101.0,101.0,90.0,94.0,332.0,295.0,320.0,130.0,107.0,148.0,0,1964.0
244,BMW 6-Series,17.0,22.0,13.0,12.0,26.0,28.0,9.0,8.0,1770.0,19.0,15.0,21.0,0,1960.0
245,Nissan 370Z,182.0,236.0,143.0,135.0,300.0,315.0,178.0,159.0,172.0,46.0,37.0,52.0,0,1955.0
246,Land Rover Defender,0.0,0.0,0.0,108.0,240.0,252.0,456.0,405.0,439.0,0.0,0.0,0.0,0,1900.0
247,Fiat 124 Spider,126.0,163.0,99.0,105.0,232.0,244.0,146.0,130.0,140.0,110.0,90.0,126.0,0,1711.0
248,Mercedes-Benz SLC-Class,136.0,176.0,107.0,90.0,200.0,210.0,255.0,227.0,246.0,0.0,0.0,0.0,0,1647.0
249,Jaguar I-Pace,158.0,141.0,147.0,108.0,240.0,252.0,175.0,156.0,169.0,0.0,0.0,0.0,0,1546.0
250,Genesis GV80,0.0,0.0,0.0,0.0,0.0,0.0,0.0,0.0,0.0,0.0,58.0,1459.0,0,1517.0
251,Fiat 500X,92.0,119.0,72.0,71.0,158.0,166.0,158.0,141.0,153.0,106.0,87.0,121.0,0,1444.0
252,Mercedes-Benz SL-Class,130.0,169.0,102.0,71.0,158.0,165.0,195.0,173.0,187.0,0.0,0.0,0.0,0,1350.0
253,Lexus LC,98.0,86.0,56.0,0.0,70.0,74.0,89.0,107.0,131.0,164.0,188.0,230.0,0,1293.0
254,Jaguar XE,187.0,166.0,173.0,65.0,144.0,151.0,140.0,125.0,135.0,0.0,0.0,0.0,0,1286.0
255,Kia Cadenza,197.0,192.0,96.0,50.0,70.0,65.0,100.0,53.0,99.0,115.0,99.0,129.0,0,1265.0
256,Cadillac XTS,154.0,199.0,120.0,48.0,106.0,111.0,85.0,75.0,82.0,74.0,61.0,85.0,0,1200.0
257,Jaguar F-Type,181.0,161.0,168.0,52.0,116.0,122.0,140.0,125.0,135.0,0.0,0.0,0.0,0,1200.0
258,Volvo 40 Series,0.0,0.0,1099.0,0.0,0.0,0.0,0.0,0.0,0.0,0.0,0.0,0.0,0,1099.0
259,Acura RLX,63.0,84.0,31.0,26.0,71.0,126.0,134.0,118.0,122.0,126.0,81.0,72.0,0,1054.0
260,Jaguar XJ,127.0,113.0,117.0,65.0,144.0,151.0,105.0,94.0,101.0,0.0,0.0,0.0,0,1017.0
261,Audi TT,57.0,74.0,45.0,45.0,100.0,105.0,83.0,74.0,80.0,57.0,47.0,65.0,0,832.0
262,Chevrolet Cruze,132.0,170.0,103.0,50.0,111.0,116.0,25.0,22.0,24.0,10.0,8.0,12.0,0,783.0
263,Fiat 500,106.0,138.0,83.0,43.0,96.0,100.0,34.0,30.0,32.0,4.0,3.0,5.0,0,674.0
264,Cadillac CTS,52.0,67.0,41.0,30.0,67.0,71.0,52.0,46.0,50.0,46.0,37.0,52.0,0,611.0
265,Audi R8,32.0,41.0,25.0,18.0,41.0,43.0,69.0,61.0,66.0,63.0,52.0,72.0,0,583.0
266,Honda CR-Z,0.0,1.0,0.0,0.0,0.0,0.0,0.0,0.0,0.0,0.0,0.0,551.0,0,552.0
267,Jaguar XF,67.0,60.0,62.0,29.0,64.0,67.0,70.0,62.0,68.0,0.0,0.0,0.0,0,549.0
268,Toyota Mirai,57.0,59.0,31.0,11.0,25.0,26.0,27.0,64.0,41.0,27.0,111.0,20.0,0,499.0
269,Fiat 500L,42.0,55.0,33.0,22.0,50.0,52.0,48.0,43.0,47.0,28.0,23.0,32.0,0,475.0
270,Lincoln MKT,35.0,46.0,28.0,4.0,8.0,8.0,8.0,7.0,8.0,12.0,6.0,159.0,0,329.0
271,Kia K900,26.0,23.0,16.0,12.0,25.0,23.0,25.0,34.0,25.0,41.0,22.0,33.0,0,305.0
272,Nissan GT-R,19.0,24.0,15.0,13.0,28.0,29.0,40.0,35.0,38.0,21.0,17.0,24.0,0,303.0
273,Buick LaCrosse,45.0,58.0,35.0,13.0,28.0,30.0,2.0,2.0,2.0,5.0,4.0,5.0,0,229.0
274,Hyundai Nexo,16.0,28.0,7.0,3.0,10.0,12.0,16.0,25.0,21.0,37.0,20.0,13.0,0,208.0
275,BMW i8,21.0,28.0,17.0,9.0,20.0,21.0,17.0,15.0,16.0,9.0,8.0,11.0,0,192.0
276,Infiniti QX30,36.0,47.0,29.0,4.0,8.0,9.0,5.0,4.0,4.0,1.0,1.0,1.0,0,149.0
277,Infiniti Q70,37.0,48.0,29.0,3.0,6.0,6.0,2.0,2.0,2.0,1.0,1.0,2.0,0,139.0
278,Acura NSX,9.0,9.0,16.0,5.0,6.0,10.0,15.0,3.0,10.0,22.0,9.0,14.0,0,128.0
279,Ford GT,26.0,33.0,20.0,3.0,7.0,8.0,0.0,0.0,0.0,14.0,4.0,10.0,0,125.0
280,Cadillac ATS,15.0,20.0,12.0,8.0,18.0,19.0,6.0,5.0,6.0,2.0,2.0,2.0,0,115.0
281,Alfa Romeo 4C,10.0,13.0,8.0,7.0,16.0,17.0,7.0,7.0,7.0,2.0,2.0,3.0,0,99.0
282,Chevrolet Volt,7.0,10.0,6.0,7.0,16.0,16.0,2.0,2.0,2.0,0.0,0.0,0.0,0,68.0
283,Volkswagen CC,6.0,7.0,4.0,0.0,0.0,0.0,0.0,0.0,0.0,0.0,0.0,0.0,0,17.0
284,Buick Cascada,2.0,3.0,2.0,1.0,2.0,2.0,0.0,0.0,0.0,0.0,0.0,0.0,0,12.0
285,Chrysler 200,1.0,1.0,1.0,0.0,0.0,0.0,1.0,1.0,1.0,1.0,1.0,1.0,0,9.0
286,Dodge Viper,0.0,0.0,0.0,0.0,0.0,0.0,1.0,1.0,1.0,1.0,1.0,1.0,0,6.0
287,Dodge Dart,1.0,1.0,1.0,0.0,1.0,1.0,0.0,0.0,0.0,0.0,0.0,0.0,0,5.0
288,Volkswagen Touareg,1.0,1.0,1.0,0.0,0.0,0.0,0.0,0.0,0.0,0.0,0.0,0.0,0,3.0
289,Lexus LFA,0.0,2.0,0.0,0.0,0.0,0.0,0.0,0.0,1.0,0.0,0.0,0.0,0,3.0
290,Nissan Quest,0.0,0.0,0.0,0.0,0.0,0.0,0.0,0.0,0.0,0.0,0.0,0.0,0,0.0
